"",Create task,Edit task,Delete task,Organize task by title,Show tasks,Show tasks done,Show today's tasks,Display general stats,Show notes,Create note,Edit note,Organize note by title,Show archived notes,Delete note,Organize note by date,Organize task by date,Show scheduled tasks
Create task,"",100,100,100,87,75,25,12,0,0,0,0,0,0,0,62,12
Edit task,100,"",100,100,87,75,25,12,0,0,0,0,0,0,0,62,12
Delete task,100,100,"",100,87,75,25,12,0,0,0,0,0,0,0,62,12
Organize task by title,100,100,100,"",87,75,25,12,0,0,0,0,0,0,0,62,12
Show tasks,87,87,87,87,"",62,37,25,12,0,0,0,0,0,0,50,12
Show tasks done,75,75,75,75,62,"",50,25,0,0,0,0,0,0,0,37,25
Show today's tasks,25,25,25,25,37,50,"",50,12,0,0,0,0,0,0,25,25
Display general stats,12,12,12,12,25,25,50,"",12,0,0,0,0,0,0,0,0
Show notes,0,0,0,0,12,0,12,12,"",87,87,87,87,87,75,12,0
Create note,0,0,0,0,0,0,0,0,87,"",100,100,100,100,87,12,0
Edit note,0,0,0,0,0,0,0,0,87,100,"",100,100,100,87,12,0
Organize note by title,0,0,0,0,0,0,0,0,87,100,100,"",100,100,87,12,0
Show archived notes,0,0,0,0,0,0,0,0,87,100,100,100,"",100,87,12,0
Delete note,0,0,0,0,0,0,0,0,87,100,100,100,100,"",87,12,0
Organize note by date,0,0,0,0,0,0,0,0,75,87,87,87,87,87,"",25,12
Organize task by date,62,62,62,62,50,37,25,0,12,12,12,12,12,12,25,"",12
Show scheduled tasks,12,12,12,12,12,25,25,0,0,0,0,0,0,0,12,12,""
